Date	Festival	Category	Significance
2026-08-01	Maha Shivratri	Major Festival	Sacred night dedicated to Lord Shiva worshipping Mahadev with Bilva leaves and Rudrabhishekam.
2026-08-08	Holika Dahan	Major Festival	Triumph of Prahlad and devotion over evil forces.
2026-08-15	Holi Purnima / Dhulandi	Major Festival	Vibrant festival of colors celebrating love and spring.
2026-08-22	Chaitra Navratri Ghatasthapana	Major Festival	First day of Chaitra Navratri worshipping Goddess Shailputri.
2026-08-28	Gudi Padwa / Cheti Chand	Major Festival	Vedic New Year celebration across India.
2026-09-01	Shri Rama Navami	Major Festival	Birth anniversary of Lord Shri Ram.
2026-09-08	Hanuman Jayanti	Jayanti	Birth anniversary of Lord Hanuman.
2026-09-15	Akshaya Tritiya	Major Festival	Auspicious day for endless merit, gold purchase, and new endeavors.
2026-09-22	Kamada Ekadashi	Ekadashi	Fasts dedicated to Lord Vishnu for fulfillment of desires.
2026-09-28	Nirjala Ekadashi	Ekadashi	The most sacred waterless fast yielding merit of 24 Ekadashis.
2026-10-01	Devshayani Ekadashi	Ekadashi	Start of Chaturmas when Lord Vishnu goes to cosmic sleep.
2026-10-08	Guru Purnima	Major Festival	Worshipping Guru and Maharshi Ved Vyas.
2026-10-15	Nag Panchami	Major Festival	Worshipping Nag Devta for protection and Kaal Sarp Dosh peace.
2026-10-22	Raksha Bandhan	Major Festival	Sacred thread festival celebrating sibling bond and protection.
2026-10-28	Shri Krishna Janmashtami	Major Festival	Birth anniversary of Lord Krishna.
2026-11-01	Ganesh Chaturthi	Major Festival	Welcome of Vighnaharta Lord Ganesha.
2026-11-08	Sharad Navratri Ghatasthapana	Major Festival	Start of 9 divine nights worshipping Goddess Durga.
2026-11-15	Maha Durgashtami / Navami	Major Festival	Kanya Pujan and Hawan rituals.
2026-11-22	Dussehra (Vijayadashami)	Major Festival	Victory of Lord Ram over Ravan and truth over evil.
2026-11-28	Karwa Chauth Vrat	Vrat	Fasting by married women for long life of husband.
2026-12-01	Dhanteras	Major Festival	Worshipping Dhanvantari and Kuber for health and wealth.
2026-12-08	Deepawali / Lakshmi Puja	Major Festival	Grand festival of lights worshipping Goddess Lakshmi.
2026-12-15	Govardhan Puja	Major Festival	Worshipping Govardhan Hill and Gau Mata.
2026-12-22	Bhai Dooj	Major Festival	Sister’s blessing and Tilak for brother’s prosperity.
2026-12-28	Chhath Puja	Major Festival	Solar worship offering Arghya to Sun God and Chhathi Maiyya.
2027-01-01	Dev Uthani Ekadashi	Ekadashi	Waking of Lord Vishnu and Tulsi Vivah starting auspicious marriages.
2027-01-08	Maha Shivratri	Major Festival	Sacred night dedicated to Lord Shiva worshipping Mahadev with Bilva leaves and Rudrabhishekam.
2027-01-15	Holika Dahan	Major Festival	Triumph of Prahlad and devotion over evil forces.
2027-01-22	Holi Purnima / Dhulandi	Major Festival	Vibrant festival of colors celebrating love and spring.
2027-01-28	Chaitra Navratri Ghatasthapana	Major Festival	First day of Chaitra Navratri worshipping Goddess Shailputri.
2027-02-01	Gudi Padwa / Cheti Chand	Major Festival	Vedic New Year celebration across India.
2027-02-08	Shri Rama Navami	Major Festival	Birth anniversary of Lord Shri Ram.
2027-02-15	Hanuman Jayanti	Jayanti	Birth anniversary of Lord Hanuman.
2027-02-22	Akshaya Tritiya	Major Festival	Auspicious day for endless merit, gold purchase, and new endeavors.
2027-02-28	Kamada Ekadashi	Ekadashi	Fasts dedicated to Lord Vishnu for fulfillment of desires.
2027-03-01	Nirjala Ekadashi	Ekadashi	The most sacred waterless fast yielding merit of 24 Ekadashis.
2027-03-08	Devshayani Ekadashi	Ekadashi	Start of Chaturmas when Lord Vishnu goes to cosmic sleep.
2027-03-15	Guru Purnima	Major Festival	Worshipping Guru and Maharshi Ved Vyas.
2027-03-22	Nag Panchami	Major Festival	Worshipping Nag Devta for protection and Kaal Sarp Dosh peace.
2027-03-28	Raksha Bandhan	Major Festival	Sacred thread festival celebrating sibling bond and protection.
2027-04-01	Shri Krishna Janmashtami	Major Festival	Birth anniversary of Lord Krishna.
2027-04-08	Ganesh Chaturthi	Major Festival	Welcome of Vighnaharta Lord Ganesha.
2027-04-15	Sharad Navratri Ghatasthapana	Major Festival	Start of 9 divine nights worshipping Goddess Durga.
2027-04-22	Maha Durgashtami / Navami	Major Festival	Kanya Pujan and Hawan rituals.
2027-04-28	Dussehra (Vijayadashami)	Major Festival	Victory of Lord Ram over Ravan and truth over evil.
2027-05-01	Karwa Chauth Vrat	Vrat	Fasting by married women for long life of husband.
2027-05-08	Dhanteras	Major Festival	Worshipping Dhanvantari and Kuber for health and wealth.
2027-05-15	Deepawali / Lakshmi Puja	Major Festival	Grand festival of lights worshipping Goddess Lakshmi.
2027-05-22	Govardhan Puja	Major Festival	Worshipping Govardhan Hill and Gau Mata.
2027-05-28	Bhai Dooj	Major Festival	Sister’s blessing and Tilak for brother’s prosperity.
2027-06-01	Chhath Puja	Major Festival	Solar worship offering Arghya to Sun God and Chhathi Maiyya.
2027-06-08	Dev Uthani Ekadashi	Ekadashi	Waking of Lord Vishnu and Tulsi Vivah starting auspicious marriages.
2027-06-15	Maha Shivratri	Major Festival	Sacred night dedicated to Lord Shiva worshipping Mahadev with Bilva leaves and Rudrabhishekam.
2027-06-22	Holika Dahan	Major Festival	Triumph of Prahlad and devotion over evil forces.
2027-06-28	Holi Purnima / Dhulandi	Major Festival	Vibrant festival of colors celebrating love and spring.
2027-07-01	Chaitra Navratri Ghatasthapana	Major Festival	First day of Chaitra Navratri worshipping Goddess Shailputri.
2027-07-08	Gudi Padwa / Cheti Chand	Major Festival	Vedic New Year celebration across India.
2027-07-15	Shri Rama Navami	Major Festival	Birth anniversary of Lord Shri Ram.
2027-07-22	Hanuman Jayanti	Jayanti	Birth anniversary of Lord Hanuman.
2027-07-28	Akshaya Tritiya	Major Festival	Auspicious day for endless merit, gold purchase, and new endeavors.
2027-08-01	Kamada Ekadashi	Ekadashi	Fasts dedicated to Lord Vishnu for fulfillment of desires.
2027-08-08	Nirjala Ekadashi	Ekadashi	The most sacred waterless fast yielding merit of 24 Ekadashis.
2027-08-15	Devshayani Ekadashi	Ekadashi	Start of Chaturmas when Lord Vishnu goes to cosmic sleep.
2027-08-22	Guru Purnima	Major Festival	Worshipping Guru and Maharshi Ved Vyas.
2027-08-28	Nag Panchami	Major Festival	Worshipping Nag Devta for protection and Kaal Sarp Dosh peace.
2027-09-01	Raksha Bandhan	Major Festival	Sacred thread festival celebrating sibling bond and protection.
2027-09-08	Shri Krishna Janmashtami	Major Festival	Birth anniversary of Lord Krishna.
2027-09-15	Ganesh Chaturthi	Major Festival	Welcome of Vighnaharta Lord Ganesha.
2027-09-22	Sharad Navratri Ghatasthapana	Major Festival	Start of 9 divine nights worshipping Goddess Durga.
2027-09-28	Maha Durgashtami / Navami	Major Festival	Kanya Pujan and Hawan rituals.
2027-10-01	Dussehra (Vijayadashami)	Major Festival	Victory of Lord Ram over Ravan and truth over evil.
2027-10-08	Karwa Chauth Vrat	Vrat	Fasting by married women for long life of husband.
2027-10-15	Dhanteras	Major Festival	Worshipping Dhanvantari and Kuber for health and wealth.
2027-10-22	Deepawali / Lakshmi Puja	Major Festival	Grand festival of lights worshipping Goddess Lakshmi.
2027-10-28	Govardhan Puja	Major Festival	Worshipping Govardhan Hill and Gau Mata.
2027-11-01	Bhai Dooj	Major Festival	Sister’s blessing and Tilak for brother’s prosperity.
2027-11-08	Chhath Puja	Major Festival	Solar worship offering Arghya to Sun God and Chhathi Maiyya.
2027-11-15	Dev Uthani Ekadashi	Ekadashi	Waking of Lord Vishnu and Tulsi Vivah starting auspicious marriages.
2027-11-22	Maha Shivratri	Major Festival	Sacred night dedicated to Lord Shiva worshipping Mahadev with Bilva leaves and Rudrabhishekam.
2027-11-28	Holika Dahan	Major Festival	Triumph of Prahlad and devotion over evil forces.
2027-12-01	Holi Purnima / Dhulandi	Major Festival	Vibrant festival of colors celebrating love and spring.
2027-12-08	Chaitra Navratri Ghatasthapana	Major Festival	First day of Chaitra Navratri worshipping Goddess Shailputri.
2027-12-15	Gudi Padwa / Cheti Chand	Major Festival	Vedic New Year celebration across India.
2027-12-22	Shri Rama Navami	Major Festival	Birth anniversary of Lord Shri Ram.
2027-12-28	Hanuman Jayanti	Jayanti	Birth anniversary of Lord Hanuman.
2028-01-01	Akshaya Tritiya	Major Festival	Auspicious day for endless merit, gold purchase, and new endeavors.
2028-01-08	Kamada Ekadashi	Ekadashi	Fasts dedicated to Lord Vishnu for fulfillment of desires.
2028-01-15	Nirjala Ekadashi	Ekadashi	The most sacred waterless fast yielding merit of 24 Ekadashis.
2028-01-22	Devshayani Ekadashi	Ekadashi	Start of Chaturmas when Lord Vishnu goes to cosmic sleep.
2028-01-28	Guru Purnima	Major Festival	Worshipping Guru and Maharshi Ved Vyas.
2028-02-01	Nag Panchami	Major Festival	Worshipping Nag Devta for protection and Kaal Sarp Dosh peace.
2028-02-08	Raksha Bandhan	Major Festival	Sacred thread festival celebrating sibling bond and protection.
2028-02-15	Shri Krishna Janmashtami	Major Festival	Birth anniversary of Lord Krishna.
2028-02-22	Ganesh Chaturthi	Major Festival	Welcome of Vighnaharta Lord Ganesha.
2028-02-28	Sharad Navratri Ghatasthapana	Major Festival	Start of 9 divine nights worshipping Goddess Durga.
2028-03-01	Maha Durgashtami / Navami	Major Festival	Kanya Pujan and Hawan rituals.
2028-03-08	Dussehra (Vijayadashami)	Major Festival	Victory of Lord Ram over Ravan and truth over evil.
2028-03-15	Karwa Chauth Vrat	Vrat	Fasting by married women for long life of husband.
2028-03-22	Dhanteras	Major Festival	Worshipping Dhanvantari and Kuber for health and wealth.
2028-03-28	Deepawali / Lakshmi Puja	Major Festival	Grand festival of lights worshipping Goddess Lakshmi.
2028-04-01	Govardhan Puja	Major Festival	Worshipping Govardhan Hill and Gau Mata.
2028-04-08	Bhai Dooj	Major Festival	Sister’s blessing and Tilak for brother’s prosperity.
2028-04-15	Chhath Puja	Major Festival	Solar worship offering Arghya to Sun God and Chhathi Maiyya.
2028-04-22	Dev Uthani Ekadashi	Ekadashi	Waking of Lord Vishnu and Tulsi Vivah starting auspicious marriages.
2028-04-28	Maha Shivratri	Major Festival	Sacred night dedicated to Lord Shiva worshipping Mahadev with Bilva leaves and Rudrabhishekam.
2028-05-01	Holika Dahan	Major Festival	Triumph of Prahlad and devotion over evil forces.
2028-05-08	Holi Purnima / Dhulandi	Major Festival	Vibrant festival of colors celebrating love and spring.
2028-05-15	Chaitra Navratri Ghatasthapana	Major Festival	First day of Chaitra Navratri worshipping Goddess Shailputri.
2028-05-22	Gudi Padwa / Cheti Chand	Major Festival	Vedic New Year celebration across India.
2028-05-28	Shri Rama Navami	Major Festival	Birth anniversary of Lord Shri Ram.
2028-06-01	Hanuman Jayanti	Jayanti	Birth anniversary of Lord Hanuman.
2028-06-08	Akshaya Tritiya	Major Festival	Auspicious day for endless merit, gold purchase, and new endeavors.
2028-06-15	Kamada Ekadashi	Ekadashi	Fasts dedicated to Lord Vishnu for fulfillment of desires.
2028-06-22	Nirjala Ekadashi	Ekadashi	The most sacred waterless fast yielding merit of 24 Ekadashis.
2028-06-28	Devshayani Ekadashi	Ekadashi	Start of Chaturmas when Lord Vishnu goes to cosmic sleep.
2028-07-01	Guru Purnima	Major Festival	Worshipping Guru and Maharshi Ved Vyas.
2028-07-08	Nag Panchami	Major Festival	Worshipping Nag Devta for protection and Kaal Sarp Dosh peace.
2028-07-15	Raksha Bandhan	Major Festival	Sacred thread festival celebrating sibling bond and protection.
2028-07-22	Shri Krishna Janmashtami	Major Festival	Birth anniversary of Lord Krishna.
2028-07-28	Ganesh Chaturthi	Major Festival	Welcome of Vighnaharta Lord Ganesha.
2028-08-01	Sharad Navratri Ghatasthapana	Major Festival	Start of 9 divine nights worshipping Goddess Durga.
2028-08-08	Maha Durgashtami / Navami	Major Festival	Kanya Pujan and Hawan rituals.
2028-08-15	Dussehra (Vijayadashami)	Major Festival	Victory of Lord Ram over Ravan and truth over evil.
2028-08-22	Karwa Chauth Vrat	Vrat	Fasting by married women for long life of husband.
2028-08-28	Dhanteras	Major Festival	Worshipping Dhanvantari and Kuber for health and wealth.
2028-09-01	Deepawali / Lakshmi Puja	Major Festival	Grand festival of lights worshipping Goddess Lakshmi.
2028-09-08	Govardhan Puja	Major Festival	Worshipping Govardhan Hill and Gau Mata.
2028-09-15	Bhai Dooj	Major Festival	Sister’s blessing and Tilak for brother’s prosperity.
2028-09-22	Chhath Puja	Major Festival	Solar worship offering Arghya to Sun God and Chhathi Maiyya.
2028-09-28	Dev Uthani Ekadashi	Ekadashi	Waking of Lord Vishnu and Tulsi Vivah starting auspicious marriages.
2028-10-01	Maha Shivratri	Major Festival	Sacred night dedicated to Lord Shiva worshipping Mahadev with Bilva leaves and Rudrabhishekam.
2028-10-08	Holika Dahan	Major Festival	Triumph of Prahlad and devotion over evil forces.
2028-10-15	Holi Purnima / Dhulandi	Major Festival	Vibrant festival of colors celebrating love and spring.
2028-10-22	Chaitra Navratri Ghatasthapana	Major Festival	First day of Chaitra Navratri worshipping Goddess Shailputri.
2028-10-28	Gudi Padwa / Cheti Chand	Major Festival	Vedic New Year celebration across India.
2028-11-01	Shri Rama Navami	Major Festival	Birth anniversary of Lord Shri Ram.
2028-11-08	Hanuman Jayanti	Jayanti	Birth anniversary of Lord Hanuman.
2028-11-15	Akshaya Tritiya	Major Festival	Auspicious day for endless merit, gold purchase, and new endeavors.
2028-11-22	Kamada Ekadashi	Ekadashi	Fasts dedicated to Lord Vishnu for fulfillment of desires.
2028-11-28	Nirjala Ekadashi	Ekadashi	The most sacred waterless fast yielding merit of 24 Ekadashis.
2028-12-01	Devshayani Ekadashi	Ekadashi	Start of Chaturmas when Lord Vishnu goes to cosmic sleep.
2028-12-08	Guru Purnima	Major Festival	Worshipping Guru and Maharshi Ved Vyas.
2028-12-15	Nag Panchami	Major Festival	Worshipping Nag Devta for protection and Kaal Sarp Dosh peace.
2028-12-22	Raksha Bandhan	Major Festival	Sacred thread festival celebrating sibling bond and protection.
2028-12-28	Shri Krishna Janmashtami	Major Festival	Birth anniversary of Lord Krishna.
2029-01-01	Ganesh Chaturthi	Major Festival	Welcome of Vighnaharta Lord Ganesha.
2029-01-08	Sharad Navratri Ghatasthapana	Major Festival	Start of 9 divine nights worshipping Goddess Durga.
2029-01-15	Maha Durgashtami / Navami	Major Festival	Kanya Pujan and Hawan rituals.
2029-01-22	Dussehra (Vijayadashami)	Major Festival	Victory of Lord Ram over Ravan and truth over evil.
2029-01-28	Karwa Chauth Vrat	Vrat	Fasting by married women for long life of husband.
2029-02-01	Dhanteras	Major Festival	Worshipping Dhanvantari and Kuber for health and wealth.
2029-02-08	Deepawali / Lakshmi Puja	Major Festival	Grand festival of lights worshipping Goddess Lakshmi.
2029-02-15	Govardhan Puja	Major Festival	Worshipping Govardhan Hill and Gau Mata.
2029-02-22	Bhai Dooj	Major Festival	Sister’s blessing and Tilak for brother’s prosperity.
2029-02-28	Chhath Puja	Major Festival	Solar worship offering Arghya to Sun God and Chhathi Maiyya.
2029-03-01	Dev Uthani Ekadashi	Ekadashi	Waking of Lord Vishnu and Tulsi Vivah starting auspicious marriages.
2029-03-08	Maha Shivratri	Major Festival	Sacred night dedicated to Lord Shiva worshipping Mahadev with Bilva leaves and Rudrabhishekam.
2029-03-15	Holika Dahan	Major Festival	Triumph of Prahlad and devotion over evil forces.
2029-03-22	Holi Purnima / Dhulandi	Major Festival	Vibrant festival of colors celebrating love and spring.
2029-03-28	Chaitra Navratri Ghatasthapana	Major Festival	First day of Chaitra Navratri worshipping Goddess Shailputri.
2029-04-01	Gudi Padwa / Cheti Chand	Major Festival	Vedic New Year celebration across India.
2029-04-08	Shri Rama Navami	Major Festival	Birth anniversary of Lord Shri Ram.
2029-04-15	Hanuman Jayanti	Jayanti	Birth anniversary of Lord Hanuman.
2029-04-22	Akshaya Tritiya	Major Festival	Auspicious day for endless merit, gold purchase, and new endeavors.
2029-04-28	Kamada Ekadashi	Ekadashi	Fasts dedicated to Lord Vishnu for fulfillment of desires.
2029-05-01	Nirjala Ekadashi	Ekadashi	The most sacred waterless fast yielding merit of 24 Ekadashis.
2029-05-08	Devshayani Ekadashi	Ekadashi	Start of Chaturmas when Lord Vishnu goes to cosmic sleep.
2029-05-15	Guru Purnima	Major Festival	Worshipping Guru and Maharshi Ved Vyas.
2029-05-22	Nag Panchami	Major Festival	Worshipping Nag Devta for protection and Kaal Sarp Dosh peace.
2029-05-28	Raksha Bandhan	Major Festival	Sacred thread festival celebrating sibling bond and protection.
2029-06-01	Shri Krishna Janmashtami	Major Festival	Birth anniversary of Lord Krishna.
2029-06-08	Ganesh Chaturthi	Major Festival	Welcome of Vighnaharta Lord Ganesha.
2029-06-15	Sharad Navratri Ghatasthapana	Major Festival	Start of 9 divine nights worshipping Goddess Durga.
2029-06-22	Maha Durgashtami / Navami	Major Festival	Kanya Pujan and Hawan rituals.
2029-06-28	Dussehra (Vijayadashami)	Major Festival	Victory of Lord Ram over Ravan and truth over evil.
2029-07-01	Karwa Chauth Vrat	Vrat	Fasting by married women for long life of husband.
2029-07-08	Dhanteras	Major Festival	Worshipping Dhanvantari and Kuber for health and wealth.
2029-07-15	Deepawali / Lakshmi Puja	Major Festival	Grand festival of lights worshipping Goddess Lakshmi.
2029-07-22	Govardhan Puja	Major Festival	Worshipping Govardhan Hill and Gau Mata.
2029-07-28	Bhai Dooj	Major Festival	Sister’s blessing and Tilak for brother’s prosperity.
2029-08-01	Chhath Puja	Major Festival	Solar worship offering Arghya to Sun God and Chhathi Maiyya.
2029-08-08	Dev Uthani Ekadashi	Ekadashi	Waking of Lord Vishnu and Tulsi Vivah starting auspicious marriages.
2029-08-15	Maha Shivratri	Major Festival	Sacred night dedicated to Lord Shiva worshipping Mahadev with Bilva leaves and Rudrabhishekam.
2029-08-22	Holika Dahan	Major Festival	Triumph of Prahlad and devotion over evil forces.
2029-08-28	Holi Purnima / Dhulandi	Major Festival	Vibrant festival of colors celebrating love and spring.
2029-09-01	Chaitra Navratri Ghatasthapana	Major Festival	First day of Chaitra Navratri worshipping Goddess Shailputri.
2029-09-08	Gudi Padwa / Cheti Chand	Major Festival	Vedic New Year celebration across India.
2029-09-15	Shri Rama Navami	Major Festival	Birth anniversary of Lord Shri Ram.
2029-09-22	Hanuman Jayanti	Jayanti	Birth anniversary of Lord Hanuman.
2029-09-28	Akshaya Tritiya	Major Festival	Auspicious day for endless merit, gold purchase, and new endeavors.
2029-10-01	Kamada Ekadashi	Ekadashi	Fasts dedicated to Lord Vishnu for fulfillment of desires.
2029-10-08	Nirjala Ekadashi	Ekadashi	The most sacred waterless fast yielding merit of 24 Ekadashis.
2029-10-15	Devshayani Ekadashi	Ekadashi	Start of Chaturmas when Lord Vishnu goes to cosmic sleep.
2029-10-22	Guru Purnima	Major Festival	Worshipping Guru and Maharshi Ved Vyas.
2029-10-28	Nag Panchami	Major Festival	Worshipping Nag Devta for protection and Kaal Sarp Dosh peace.
2029-11-01	Raksha Bandhan	Major Festival	Sacred thread festival celebrating sibling bond and protection.
2029-11-08	Shri Krishna Janmashtami	Major Festival	Birth anniversary of Lord Krishna.
2029-11-15	Ganesh Chaturthi	Major Festival	Welcome of Vighnaharta Lord Ganesha.
2029-11-22	Sharad Navratri Ghatasthapana	Major Festival	Start of 9 divine nights worshipping Goddess Durga.
2029-11-28	Maha Durgashtami / Navami	Major Festival	Kanya Pujan and Hawan rituals.
2029-12-01	Dussehra (Vijayadashami)	Major Festival	Victory of Lord Ram over Ravan and truth over evil.
2029-12-08	Karwa Chauth Vrat	Vrat	Fasting by married women for long life of husband.
2029-12-15	Dhanteras	Major Festival	Worshipping Dhanvantari and Kuber for health and wealth.
2029-12-22	Deepawali / Lakshmi Puja	Major Festival	Grand festival of lights worshipping Goddess Lakshmi.
2029-12-28	Govardhan Puja	Major Festival	Worshipping Govardhan Hill and Gau Mata.
2030-01-01	Bhai Dooj	Major Festival	Sister’s blessing and Tilak for brother’s prosperity.
2030-01-08	Chhath Puja	Major Festival	Solar worship offering Arghya to Sun God and Chhathi Maiyya.
2030-01-15	Dev Uthani Ekadashi	Ekadashi	Waking of Lord Vishnu and Tulsi Vivah starting auspicious marriages.
2030-01-22	Maha Shivratri	Major Festival	Sacred night dedicated to Lord Shiva worshipping Mahadev with Bilva leaves and Rudrabhishekam.
2030-01-28	Holika Dahan	Major Festival	Triumph of Prahlad and devotion over evil forces.
2030-02-01	Holi Purnima / Dhulandi	Major Festival	Vibrant festival of colors celebrating love and spring.
2030-02-08	Chaitra Navratri Ghatasthapana	Major Festival	First day of Chaitra Navratri worshipping Goddess Shailputri.
2030-02-15	Gudi Padwa / Cheti Chand	Major Festival	Vedic New Year celebration across India.
2030-02-22	Shri Rama Navami	Major Festival	Birth anniversary of Lord Shri Ram.
2030-02-28	Hanuman Jayanti	Jayanti	Birth anniversary of Lord Hanuman.
2030-03-01	Akshaya Tritiya	Major Festival	Auspicious day for endless merit, gold purchase, and new endeavors.
2030-03-08	Kamada Ekadashi	Ekadashi	Fasts dedicated to Lord Vishnu for fulfillment of desires.
2030-03-15	Nirjala Ekadashi	Ekadashi	The most sacred waterless fast yielding merit of 24 Ekadashis.
2030-03-22	Devshayani Ekadashi	Ekadashi	Start of Chaturmas when Lord Vishnu goes to cosmic sleep.
2030-03-28	Guru Purnima	Major Festival	Worshipping Guru and Maharshi Ved Vyas.
2030-04-01	Nag Panchami	Major Festival	Worshipping Nag Devta for protection and Kaal Sarp Dosh peace.
2030-04-08	Raksha Bandhan	Major Festival	Sacred thread festival celebrating sibling bond and protection.
2030-04-15	Shri Krishna Janmashtami	Major Festival	Birth anniversary of Lord Krishna.
2030-04-22	Ganesh Chaturthi	Major Festival	Welcome of Vighnaharta Lord Ganesha.
2030-04-28	Sharad Navratri Ghatasthapana	Major Festival	Start of 9 divine nights worshipping Goddess Durga.
2030-05-01	Maha Durgashtami / Navami	Major Festival	Kanya Pujan and Hawan rituals.
2030-05-08	Dussehra (Vijayadashami)	Major Festival	Victory of Lord Ram over Ravan and truth over evil.
2030-05-15	Karwa Chauth Vrat	Vrat	Fasting by married women for long life of husband.
2030-05-22	Dhanteras	Major Festival	Worshipping Dhanvantari and Kuber for health and wealth.
2030-05-28	Deepawali / Lakshmi Puja	Major Festival	Grand festival of lights worshipping Goddess Lakshmi.
2030-06-01	Govardhan Puja	Major Festival	Worshipping Govardhan Hill and Gau Mata.
2030-06-08	Bhai Dooj	Major Festival	Sister’s blessing and Tilak for brother’s prosperity.
2030-06-15	Chhath Puja	Major Festival	Solar worship offering Arghya to Sun God and Chhathi Maiyya.
2030-06-22	Dev Uthani Ekadashi	Ekadashi	Waking of Lord Vishnu and Tulsi Vivah starting auspicious marriages.
2030-06-28	Maha Shivratri	Major Festival	Sacred night dedicated to Lord Shiva worshipping Mahadev with Bilva leaves and Rudrabhishekam.
2030-07-01	Holika Dahan	Major Festival	Triumph of Prahlad and devotion over evil forces.
2030-07-08	Holi Purnima / Dhulandi	Major Festival	Vibrant festival of colors celebrating love and spring.
2030-07-15	Chaitra Navratri Ghatasthapana	Major Festival	First day of Chaitra Navratri worshipping Goddess Shailputri.
2030-07-22	Gudi Padwa / Cheti Chand	Major Festival	Vedic New Year celebration across India.
2030-07-28	Shri Rama Navami	Major Festival	Birth anniversary of Lord Shri Ram.
2030-08-01	Hanuman Jayanti	Jayanti	Birth anniversary of Lord Hanuman.
2030-08-08	Akshaya Tritiya	Major Festival	Auspicious day for endless merit, gold purchase, and new endeavors.
2030-08-15	Kamada Ekadashi	Ekadashi	Fasts dedicated to Lord Vishnu for fulfillment of desires.
2030-08-22	Nirjala Ekadashi	Ekadashi	The most sacred waterless fast yielding merit of 24 Ekadashis.
2030-08-28	Devshayani Ekadashi	Ekadashi	Start of Chaturmas when Lord Vishnu goes to cosmic sleep.
2030-09-01	Guru Purnima	Major Festival	Worshipping Guru and Maharshi Ved Vyas.
2030-09-08	Nag Panchami	Major Festival	Worshipping Nag Devta for protection and Kaal Sarp Dosh peace.
2030-09-15	Raksha Bandhan	Major Festival	Sacred thread festival celebrating sibling bond and protection.
2030-09-22	Shri Krishna Janmashtami	Major Festival	Birth anniversary of Lord Krishna.
2030-09-28	Ganesh Chaturthi	Major Festival	Welcome of Vighnaharta Lord Ganesha.
2030-10-01	Sharad Navratri Ghatasthapana	Major Festival	Start of 9 divine nights worshipping Goddess Durga.
2030-10-08	Maha Durgashtami / Navami	Major Festival	Kanya Pujan and Hawan rituals.
2030-10-15	Dussehra (Vijayadashami)	Major Festival	Victory of Lord Ram over Ravan and truth over evil.
2030-10-22	Karwa Chauth Vrat	Vrat	Fasting by married women for long life of husband.
2030-10-28	Dhanteras	Major Festival	Worshipping Dhanvantari and Kuber for health and wealth.
2030-11-01	Deepawali / Lakshmi Puja	Major Festival	Grand festival of lights worshipping Goddess Lakshmi.
2030-11-08	Govardhan Puja	Major Festival	Worshipping Govardhan Hill and Gau Mata.
2030-11-15	Bhai Dooj	Major Festival	Sister’s blessing and Tilak for brother’s prosperity.
2030-11-22	Chhath Puja	Major Festival	Solar worship offering Arghya to Sun God and Chhathi Maiyya.
2030-11-28	Dev Uthani Ekadashi	Ekadashi	Waking of Lord Vishnu and Tulsi Vivah starting auspicious marriages.
2030-12-01	Maha Shivratri	Major Festival	Sacred night dedicated to Lord Shiva worshipping Mahadev with Bilva leaves and Rudrabhishekam.
2030-12-08	Holika Dahan	Major Festival	Triumph of Prahlad and devotion over evil forces.
2030-12-15	Holi Purnima / Dhulandi	Major Festival	Vibrant festival of colors celebrating love and spring.
2030-12-22	Chaitra Navratri Ghatasthapana	Major Festival	First day of Chaitra Navratri worshipping Goddess Shailputri.
2030-12-28	Gudi Padwa / Cheti Chand	Major Festival	Vedic New Year celebration across India.
2031-01-01	Shri Rama Navami	Major Festival	Birth anniversary of Lord Shri Ram.
2031-01-08	Hanuman Jayanti	Jayanti	Birth anniversary of Lord Hanuman.
2031-01-15	Akshaya Tritiya	Major Festival	Auspicious day for endless merit, gold purchase, and new endeavors.
2031-01-22	Kamada Ekadashi	Ekadashi	Fasts dedicated to Lord Vishnu for fulfillment of desires.
2031-01-28	Nirjala Ekadashi	Ekadashi	The most sacred waterless fast yielding merit of 24 Ekadashis.
2031-02-01	Devshayani Ekadashi	Ekadashi	Start of Chaturmas when Lord Vishnu goes to cosmic sleep.
2031-02-08	Guru Purnima	Major Festival	Worshipping Guru and Maharshi Ved Vyas.
2031-02-15	Nag Panchami	Major Festival	Worshipping Nag Devta for protection and Kaal Sarp Dosh peace.
2031-02-22	Raksha Bandhan	Major Festival	Sacred thread festival celebrating sibling bond and protection.
2031-02-28	Shri Krishna Janmashtami	Major Festival	Birth anniversary of Lord Krishna.
2031-03-01	Ganesh Chaturthi	Major Festival	Welcome of Vighnaharta Lord Ganesha.
2031-03-08	Sharad Navratri Ghatasthapana	Major Festival	Start of 9 divine nights worshipping Goddess Durga.
2031-03-15	Maha Durgashtami / Navami	Major Festival	Kanya Pujan and Hawan rituals.
2031-03-22	Dussehra (Vijayadashami)	Major Festival	Victory of Lord Ram over Ravan and truth over evil.
2031-03-28	Karwa Chauth Vrat	Vrat	Fasting by married women for long life of husband.
2031-04-01	Dhanteras	Major Festival	Worshipping Dhanvantari and Kuber for health and wealth.
2031-04-08	Deepawali / Lakshmi Puja	Major Festival	Grand festival of lights worshipping Goddess Lakshmi.
2031-04-15	Govardhan Puja	Major Festival	Worshipping Govardhan Hill and Gau Mata.
2031-04-22	Bhai Dooj	Major Festival	Sister’s blessing and Tilak for brother’s prosperity.
2031-04-28	Chhath Puja	Major Festival	Solar worship offering Arghya to Sun God and Chhathi Maiyya.
2031-05-01	Dev Uthani Ekadashi	Ekadashi	Waking of Lord Vishnu and Tulsi Vivah starting auspicious marriages.
2031-05-08	Maha Shivratri	Major Festival	Sacred night dedicated to Lord Shiva worshipping Mahadev with Bilva leaves and Rudrabhishekam.
2031-05-15	Holika Dahan	Major Festival	Triumph of Prahlad and devotion over evil forces.
2031-05-22	Holi Purnima / Dhulandi	Major Festival	Vibrant festival of colors celebrating love and spring.
2031-05-28	Chaitra Navratri Ghatasthapana	Major Festival	First day of Chaitra Navratri worshipping Goddess Shailputri.
2031-06-01	Gudi Padwa / Cheti Chand	Major Festival	Vedic New Year celebration across India.
2031-06-08	Shri Rama Navami	Major Festival	Birth anniversary of Lord Shri Ram.
2031-06-15	Hanuman Jayanti	Jayanti	Birth anniversary of Lord Hanuman.
2031-06-22	Akshaya Tritiya	Major Festival	Auspicious day for endless merit, gold purchase, and new endeavors.
2031-06-28	Kamada Ekadashi	Ekadashi	Fasts dedicated to Lord Vishnu for fulfillment of desires.
2031-07-01	Nirjala Ekadashi	Ekadashi	The most sacred waterless fast yielding merit of 24 Ekadashis.
2031-07-08	Devshayani Ekadashi	Ekadashi	Start of Chaturmas when Lord Vishnu goes to cosmic sleep.
2031-07-15	Guru Purnima	Major Festival	Worshipping Guru and Maharshi Ved Vyas.
2031-07-22	Nag Panchami	Major Festival	Worshipping Nag Devta for protection and Kaal Sarp Dosh peace.
2031-07-28	Raksha Bandhan	Major Festival	Sacred thread festival celebrating sibling bond and protection.
2031-08-01	Shri Krishna Janmashtami	Major Festival	Birth anniversary of Lord Krishna.