Year,Month,Event,Date,Day,Timing,Nakshatra,Tithi,SpecialNotes
2026,January,Vivah Muhurat,16 Jan 2026,Friday,07:15 AM - 02:45 PM,Rohini,Tritiya,Shukla Paksha
2026,January,Griha Pravesh,22 Jan 2026,Thursday,08:20 AM - 11:50 AM,Uttara Bhadrapada,Panchami,Shubha Lagna
2026,January,Vahan Khareedi,25 Jan 2026,Sunday,07:12 AM - 05:30 PM,Aswini,Ashtami,Ravi Yoga
2026,February,Vivah Muhurat,04 Feb 2026,Wednesday,08:00 PM - 06:15 AM (5 Feb),Magha,Dwitiya,Ravi Yoga
2026,February,Mundan Muhurat,12 Feb 2026,Thursday,09:10 AM - 01:30 PM,Uttara Phalguni,Dashami,Shubha Tithi
2026,February,Griha Pravesh,19 Feb 2026,Thursday,06:55 AM - 10:15 AM,Anuradha,Tritiya,Amrit Siddhi Yoga
2026,March,Property Khareedi,05 Mar 2026,Thursday,06:40 AM - 03:20 PM,Swati,Dwitiya,Shubh Yoga
2026,March,Naamkaran Muhurat,18 Mar 2026,Wednesday,07:00 AM - 12:00 PM,Rohini,Amavasya / Pratipada,Shubha Nakshatra
2026,April,Vivah Muhurat,18 Apr 2026,Saturday,06:00 PM - 04:30 AM (19 Apr),Rohini,Tritiya,Akshaya Tritiya Shubh
2026,April,Griha Pravesh,25 Apr 2026,Saturday,05:45 AM - 11:20 AM,Pushya,Navami,Sarvartha Siddhi Yoga
2026,May,Vivah Muhurat,02 May 2026,Saturday,07:30 PM - 05:15 AM (3 May),Anuradha,Dwitiya,Shubha Lagna
2026,June,Vahan Khareedi,11 Jun 2026,Thursday,05:25 AM - 08:40 PM,Hasta,Ekadashi,Ravi Yoga
2026,November,Vivah Muhurat,21 Nov 2026,Saturday,06:45 PM - 06:10 AM (22 Nov),Rohini,Dwitiya,Dev Uthani Ekadashi Ke Baad
2026,December,Griha Pravesh,10 Dec 2026,Thursday,07:05 AM - 01:15 PM,Uttara Ashadha,Pratipada,Shubh Nakshatra
2027,January,Vahan Khareedi,18 Jan 2027,Monday,07:15 AM - 04:00 PM,Rohini,Ekadashi,Sarvartha Siddhi Yoga
2027,February,Vivah Muhurat,08 Feb 2027,Monday,07:00 PM - 06:30 AM (9 Feb),Uttara Phalguni,Tritiya,Shubh Lagna
2027,March,Property Khareedi,12 Mar 2027,Friday,06:30 AM - 02:45 PM,Anuradha,Panchami,Ravi Yoga
2027,April,Griha Pravesh,09 Apr 2027,Friday,06:05 AM - 11:50 AM,Krittika,Tritiya,Akshaya Tritiya
2027,May,Vivah Muhurat,15 May 2027,Saturday,08:15 PM - 05:00 AM (16 May),Hasta,Dashami,Shubha Tithi
2027,June,Mundan Muhurat,17 Jun 2027,Thursday,05:25 AM - 11:30 AM,Pushya,Trayodashi,Shubh Nakshatra
2027,November,Vivah Muhurat,25 Nov 2027,Thursday,06:50 PM - 06:20 AM (26 Nov),Rohini,Dwitiya,Shubh Mahurat
2027,December,Griha Pravesh,15 Dec 2027,Wednesday,07:08 AM - 12:40 PM,Uttara Bhadrapada,Saptami,Amrit Siddhi Yoga
2028,January,Naamkaran Muhurat,20 Jan 2028,Thursday,07:14 AM - 01:00 PM,Aswini,Navami,Shubh Tithi
2028,February,Vivah Muhurat,11 Feb 2028,Friday,07:10 PM - 06:40 AM (12 Feb),Anuradha,Panchami,Shubh Lagna
2028,April,Griha Pravesh,28 Apr 2028,Friday,05:42 AM - 10:30 AM,Rohini,Tritiya,Akshaya Tritiya Shubh
2028,May,Vivah Muhurat,06 May 2028,Saturday,06:30 PM - 05:10 AM (7 May),Hasta,Dwitiya,Sarvartha Siddhi Yoga
2028,June,Vahan Khareedi,15 Jun 2028,Thursday,05:23 AM - 07:15 PM,Pushya,Navami,Ravi Yoga
2028,November,Vivah Muhurat,19 Nov 2028,Sunday,06:45 PM - 06:05 AM (20 Nov),Uttara Phalguni,Dwitiya,Dev Uthani Paschat
2028,December,Property Khareedi,08 Dec 2028,Friday,07:02 AM - 03:00 PM,Anuradha,Saptami,Shubha Yoga
2029,January,Griha Pravesh,24 Jan 2029,Wednesday,07:12 AM - 11:45 AM,Uttara Ashadha,Navami,Sarvartha Siddhi Yoga
2029,February,Vivah Muhurat,03 Feb 2029,Saturday,07:20 PM - 06:35 AM (4 Feb),Rohini,Panchami,Shubh Lagna
2029,March,Mundan Muhurat,15 Mar 2029,Thursday,06:30 AM - 12:15 PM,Aswini,Dashami,Shubha Tithi
2029,April,Vivah Muhurat,20 Apr 2029,Friday,06:00 PM - 05:25 AM (21 Apr),Anuradha,Saptami,Shubh Muhurat
2029,May,Griha Pravesh,17 May 2029,Thursday,05:30 AM - 10:10 AM,Rohini,Panchami,Amrit Siddhi Yoga
2029,November,Vivah Muhurat,18 Nov 2029,Sunday,06:42 PM - 06:12 AM (19 Nov),Uttara Phalguni,Tritiya,Shubha Lagna
2029,December,Vahan Khareedi,12 Dec 2029,Wednesday,07:05 AM - 05:00 PM,Pushya,Ekadashi,Ravi Yoga
2030,January,Vivah Muhurat,17 Jan 2030,Thursday,07:15 PM - 06:45 AM (18 Jan),Rohini,Trayodashi,Shubh Muhurat
2030,February,Griha Pravesh,14 Feb 2030,Thursday,07:00 AM - 12:20 PM,Uttara Bhadrapada,Ekadashi,Sarvartha Siddhi Yoga
2030,April,Property Khareedi,11 Apr 2030,Thursday,06:00 AM - 02:15 PM,Hasta,Panchami,Ravi Yoga
2030,May,Vivah Muhurat,01 May 2030,Wednesday,06:15 PM - 05:15 AM (2 May),Anuradha,Tritiya,Akshaya Tritiya Shubh
2030,June,Mundan Muhurat,13 Jun 2030,Thursday,05:23 AM - 11:00 AM,Pushya,Dashami,Shubha Tithi
2030,November,Vivah Muhurat,22 Nov 2030,Friday,06:48 PM - 06:20 AM (23 Nov),Rohini,Dwitiya,Dev Uthani Paschat
2030,December,Griha Pravesh,18 Dec 2030,Wednesday,07:10 AM - 01:00 PM,Uttara Ashadha,Saptami,Shubh Nakshatra
